{
  "posts": [
    {
      "id": "1",
      "user": {
        "id": 101,
        "username": "be_crazy_26",
        "profile_pic": "/src/assets/WhatsApp Image 2025-03-28 at 8.48.06 AM (4).jpeg"
      },
      "image": "/src/assets/WhatsApp Image 2025-03-28 at 8.41.33 AM.jpeg",
      "caption": "😎😎😎",
      "likes": "1M",
      "comments": [
        {
          "user": "dharana",
          "comment": "Wow!!!!!"
        },
        {
          "user": "deena",
          "comment": "Wow!! super"
        }
      ],
      "timestamp": "2025-02-11T14:30:00"
    },
    {
      "id": "2",
      "user": {
        "id": 102,
        "username": "unique_me",
        "profile_pic": "/src/assets/WhatsApp Image 2025-03-28 at 8.48.37 AM.jpeg"
      },
      "image": "/src/assets/WhatsApp Image 2025-03-28 at 8.41.32 AM.jpeg",
      "caption": "😎",
      "likes": 1200,
      "comments": [
        {
          "user": "dharana",
          "comment": "Wow!!!!!"
        },
        {
          "user": "deena",
          "comment": "Wow!! super"
        }
      ],
      "timestamp": "2025-12-11T14:30:00"
    },
    {
      "id": "3",
      "user": {
        "id": 103,
        "username": "Mani_R",
        "profile_pic": "/src/assets/WhatsApp Image 2025-03-28 at 8.48.06 AM.jpeg"
      },
      "image": "/src/assets/WhatsApp Image 2025-03-28 at 8.41.33 AM (1).jpeg",
      "caption": "😎😎😎😎😎😎😎",
      "likes": 1000,
      "comments": [
        {
          "user": "dharana",
          "comment": "Wow!!!!!"
        },
        {
          "user": "deena",
          "comment": "Wow!! super"
        }
      ],
      "timestamp": "2025-06-11T14:40:00"
    },
    {
      "id": "4",
      "user": {
        "id": 104,
        "username": "Gowtham_V",
        "profile_pic": "/src/assets/WhatsApp Image 2025-03-28 at 8.48.06 AM.jpeg"
      },
      "image": "/src/assets/WhatsApp Image 2025-03-28 at 8.41.33 AM (1).jpeg",
      "caption": "😎😎😎😎😎😎😎",
      "likes": 1000,
      "comments": [
        {
          "user": "dharana",
          "comment": "Wow!!!!!"
        },
        {
          "user": "deena",
          "comment": "Wow!! super"
        }
      ],
      "timestamp": "2025-06-11T14:40:00"
    }
  ],
  "profile": {
    "id": 101,
    "username": "be_crazy_555",
    "profile_pic": "/src/assets/WhatsApp Image 2025-03-28 at 8.48.06 AM.jpeg"
  },
  "suggestions": [
    {
      "id": "101",
      "username": "be_crazy_26",
      "profile_pic": "/src/assets/WhatsApp Image 2025-03-28 at 8.41.32 AM.jpeg"
    },
    {
      "id": "102",
      "username": "Vishnu__V",
      "profile_pic": "/src/assets/WhatsApp Image 2025-03-28 at 8.48.37 AM.jpeg"
    },
    {
      "id": "103",
      "username": "Annas",
      "profile_pic": "/src/assets/WhatsApp Image 2025-03-28 at 8.48.06 AM.jpeg"
    }
  ],
  "story": [
    {
      "id": "1",
      "user": {
        "id": 101,
        "username": "Rajuuuu_Bhai",
        "profile_pic": "/src/assets/WhatsApp Image 2025-03-28 at 8.48.37 AM.jpeg"
      },
      "image": "/src/assets/WhatsApp Image 2025-03-28 at 8.48.06 AM (2).jpeg"
    },
    {
      "id": "2",
      "user": {
        "id": 102,
        "username": "Super_man",
        "profile_pic": "/src/assets/WhatsApp Image 2025-03-28 at 8.48.06 AM (1).jpeg"
      },
      "image": "/src/assets/WhatsApp Image 2025-03-28 at 8.48.06 AM (3).jpeg"
    },
    {
      "id": "3",
      "user": {
        "id": 103,
        "username": "Dharuuuu",
        "profile_pic": "/src/assets/WhatsApp Image 2025-03-28 at 8.48.06 AM.jpeg"
      },
      "image": "/src/assets/WhatsApp Image 2025-03-28 at 8.48.37 AM.jpeg"
    },
    {
      "id": "4",
      "user": {
        "id": 104,
        "username": "Deepsss",
        "profile_pic": "/src/assets/WhatsApp Image 2025-03-28 at 8.48.06 AM (3).jpeg"
      },
      "image": "/src/assets/WhatsApp Image 2025-03-28 at 8.48.37 AM.jpeg"
    }
  ],
  "followers": [
    {
      "id": "101",
      "username": "be_crazy_26"
    }
  ]
}